0,1,2,3,4,5,6,7,8,9,10,11,12,13,14,15,16,17,18,19,20,21,22,23,24
Shaft,2000,R,16 Jun 2000,99 min,"Action, Crime, Thriller",John Singleton,"Ernest Tidyman, John Singleton, Shane Salerno","Samuel L. Jackson, Vanessa Williams, Christian Bale",New York City police detective John Shaft (nephew of the original 1970s detective) goes on a personal mission to make sure the son of a real estate tycoon is brought to justice after a racially-motivated murder.,"English, German, Spanish","United States, Germany",2 wins & 13 nominations total,https://m.media-amazon.com/images/M/MV5BNThjNDFiMmUtYmY1Ni00YzQyLTk5ZDAtMDdiZmM2MGRkYTY2XkEyXkFqcGc@._V1_SX300.jpg,"[{'Source': 'Internet Movie Database', 'Value': '6.0/10'}, {'Source': 'Rotten Tomatoes', 'Value': '67%'}, {'Source': 'Metacritic', 'Value': '50/100'}]",50,6.0,"82,880",tt0162650,movie,N/A,"$70,334,258",N/A,N/A,True
Anastasia,1997,G,19 Dec 1997,94 min,"Animation, Adventure, Drama","Don Bluth, Gary Goldman","Susan Gauthier, Bruce Graham, Bob Tzudiker","Meg Ryan, John Cusack, Christopher Lloyd","The last surviving child of the Russian Royal Family joins two con men to reunite with her grandmother, the Dowager Empress, while the undead Rasputin seeks her death.","English, Russian, French",United States,Nominated for 2 Oscars. 10 wins & 23 nominations total,https://m.media-amazon.com/images/M/MV5BMGY2YjdjNTItMGIzOC00MDNhLTkxNDMtNzgxN2U4YzA3YzRlXkEyXkFqcGc@._V1_SX300.jpg,"[{'Source': 'Internet Movie Database', 'Value': '7.1/10'}, {'Source': 'Rotten Tomatoes', 'Value': '83%'}, {'Source': 'Metacritic', 'Value': '61/100'}]",61,7.1,"141,791",tt0118617,movie,N/A,"$58,406,347",N/A,N/A,True
Moulin Rouge!,2001,PG-13,01 Jun 2001,127 min,"Drama, Musical, Romance",Baz Luhrmann,"Baz Luhrmann, Craig Pearce","Nicole Kidman, Ewan McGregor, John Leguizamo",A poor Bohemian poet in 1890s Paris falls for a beautiful courtesan and nightclub star coveted by a jealous duke.,"English, French, Spanish","Australia, United States",Won 2 Oscars. 87 wins & 133 nominations total,https://m.media-amazon.com/images/M/MV5BYTgyOGY4OTktZmZhMC00ZmIwLWI4YjUtNjYzNDg1Nzc3ZDg1XkEyXkFqcGc@._V1_SX300.jpg,"[{'Source': 'Internet Movie Database', 'Value': '7.6/10'}, {'Source': 'Rotten Tomatoes', 'Value': '75%'}, {'Source': 'Metacritic', 'Value': '66/100'}]",66,7.6,"304,330",tt0203009,movie,N/A,"$57,386,607",N/A,N/A,True
Domestic Disturbance,2001,PG-13,02 Nov 2001,89 min,"Crime, Thriller",Harold Becker,"Lewis Colick, William S. Comanor, Gary Drucker","John Travolta, Nick Loren, Matt O'Leary",A divorced man suspects that his son's stepfather is not who he appears to be.,English,United States,1 win & 3 nominations total,https://m.media-amazon.com/images/M/MV5BOTcxZjFlYjMtZjM3MS00NmI5LWFmZjctMjYxN2NkZTc0MWZjXkEyXkFqcGc@._V1_SX300.jpg,"[{'Source': 'Internet Movie Database', 'Value': '5.6/10'}, {'Source': 'Rotten Tomatoes', 'Value': '23%'}, {'Source': 'Metacritic', 'Value': '29/100'}]",29,5.6,"29,381",tt0249478,movie,N/A,"$45,246,095",N/A,N/A,True
Black Mass,2015,R,18 Sep 2015,123 min,"Biography, Crime, Drama",Scott Cooper,"Mark Mallouk, Jez Butterworth, Dick Lehr","Johnny Depp, Benedict Cumberbatch, Dakota Johnson","The true story of Whitey Bulger, the brother of a state senator and the most infamous violent criminal in the history of South Boston, who became an FBI informant to take down a Mafia family invading his turf.",English,"United States, United Kingdom",6 wins & 24 nominations total,https://m.media-amazon.com/images/M/MV5BNzg0ODI3NDQxNF5BMl5BanBnXkFtZTgwMzgzNDA0NjE@._V1_SX300.jpg,"[{'Source': 'Internet Movie Database', 'Value': '6.8/10'}, {'Source': 'Rotten Tomatoes', 'Value': '73%'}, {'Source': 'Metacritic', 'Value': '68/100'}]",68,6.8,"196,468",tt1355683,movie,N/A,"$62,575,678",N/A,N/A,True
Flags of Our Fathers,2006,R,20 Oct 2006,135 min,"Action, Adventure, Drama",Clint Eastwood,"William Broyles Jr., Paul Haggis, James Bradley","Ryan Phillippe, Barry Pepper, Joseph Cross","The life stories of the six men who raised the flag at the Battle of Iwo Jima, a turning point in World War II.",English,United States,Nominated for 2 Oscars. 16 wins & 28 nominations total,https://m.media-amazon.com/images/M/MV5BMTU2MjYxMjMyMF5BMl5BanBnXkFtZTYwMzAwMDc3._V1_SX300.jpg,"[{'Source': 'Internet Movie Database', 'Value': '7.1/10'}, {'Source': 'Rotten Tomatoes', 'Value': '76%'}, {'Source': 'Metacritic', 'Value': '79/100'}]",79,7.1,"130,786",tt0418689,movie,N/A,"$33,602,376",N/A,N/A,True
Law Abiding Citizen,2009,R,16 Oct 2009,109 min,"Action, Crime, Drama",F. Gary Gray,Kurt Wimmer,"Gerard Butler, Jamie Foxx, Leslie Bibb",A frustrated man decides to take justice into his own hands after a plea bargain sets one of his family's killers free.,"English, Spanish",United States,3 wins & 5 nominations total,https://m.media-amazon.com/images/M/MV5BNDFjNzM2NzMtNTkxZi00ZGFmLTkyZGMtZWQ3ZjMwZDc5NDExXkEyXkFqcGc@._V1_SX300.jpg,"[{'Source': 'Internet Movie Database', 'Value': '7.4/10'}, {'Source': 'Rotten Tomatoes', 'Value': '26%'}, {'Source': 'Metacritic', 'Value': '34/100'}]",34,7.4,"334,044",tt1197624,movie,N/A,"$73,357,727",N/A,N/A,True
Grindhouse,2007,R,06 Apr 2007,191 min,"Horror, Thriller","Robert Rodriguez, Eli Roth, Quentin Tarantino","Robert Rodriguez, Rob Zombie, Edgar Wright","Kurt Russell, Rose McGowan, Danny Trejo",Quentin Tarantino and Robert Rodriguez's homage to exploitation double features in the '60s and '70s with two back-to-back cult films that include previews of coming attractions between them.,"English, Spanish","United States, Canada",10 wins & 22 nominations total,https://m.media-amazon.com/images/M/MV5BMjA0MzExNzc3MV5BMl5BanBnXkFtZTcwODAxMzM0MQ@@._V1_SX300.jpg,"[{'Source': 'Internet Movie Database', 'Value': '7.5/10'}, {'Source': 'Rotten Tomatoes', 'Value': '84%'}, {'Source': 'Metacritic', 'Value': '77/100'}]",77,7.5,"193,244",tt0462322,movie,N/A,"$25,037,897",N/A,N/A,True
Immortal Beloved,1994,R,27 Jan 1995,121 min,"Biography, Drama, Music",Bernard Rose,Bernard Rose,"Gary Oldman, Jeroen Krabbé, Isabella Rossellini","A biopic exploring Beethoven's tumultuous life, focusing on his romantic pursuits. The film investigates the identity of the mysterious woman to whom the composer penned a passionate love letter, delving into his complex relations...","English, Hungarian","United Kingdom, United States",1 nomination total,https://m.media-amazon.com/images/M/MV5BYTcyZjIyMjEtZTk0OC00ZTM1LTg3YjctY2I3ZThiMWE5YzczXkEyXkFqcGc@._V1_SX300.jpg,"[{'Source': 'Internet Movie Database', 'Value': '7.4/10'}, {'Source': 'Rotten Tomatoes', 'Value': '58%'}]",N/A,7.4,"26,768",tt0110116,movie,N/A,"$9,914,409",N/A,N/A,True
Lucky You,2007,PG-13,04 May 2007,124 min,"Drama, Romance, Sport",Curtis Hanson,"Eric Roth, Curtis Hanson","Eric Bana, Drew Barrymore, Robert Duvall","A hotshot poker player tries to win a tournament in Vegas, but is fighting a losing battle with his personal problems.","English, Spanish","United States, Germany, Australia",2 nominations,https://m.media-amazon.com/images/M/MV5BNzcyMzgwNzU2N15BMl5BanBnXkFtZTcwMDcyODYzMw@@._V1_SX300.jpg,"[{'Source': 'Internet Movie Database', 'Value': '5.9/10'}, {'Source': 'Rotten Tomatoes', 'Value': '28%'}, {'Source': 'Metacritic', 'Value': '49/100'}]",49,5.9,"21,295",tt0338216,movie,N/A,"$5,758,950",N/A,N/A,True
Catch Me If You Can,2002,PG-13,25 Dec 2002,141 min,"Biography, Crime, Drama",Steven Spielberg,"Frank Abagnale Jr., Stan Redding, Jeff Nathanson","Leonardo DiCaprio, Tom Hanks, Christopher Walken","Barely 17 yet, Frank is a skilled forger who has passed as a doctor, lawyer and pilot. FBI agent Carl becomes obsessed with tracking down the con man, who only revels in the pursuit.","English, French","United States, Canada",Nominated for 2 Oscars. 16 wins & 46 nominations total,https://m.media-amazon.com/images/M/MV5BMTY5MzYzNjc5NV5BMl5BanBnXkFtZTYwNTUyNTc2._V1_SX300.jpg,"[{'Source': 'Internet Movie Database', 'Value': '8.1/10'}, {'Source': 'Rotten Tomatoes', 'Value': '96%'}, {'Source': 'Metacritic', 'Value': '75/100'}]",75,8.1,"1,165,136",tt0264464,movie,N/A,"$164,615,351",N/A,N/A,True
Zero Dark Thirty,2012,R,11 Jan 2013,157 min,"Drama, History, Thriller",Kathryn Bigelow,Mark Boal,"Jessica Chastain, Joel Edgerton, Chris Pratt","A chronicle of the decade-long hunt for al-Qaeda terrorist leader Osama bin Laden after the September 2001 attacks, and his death at the hands of the Navy S.E.A.L.s Team 6 in May 2011.","English, Arabic, Urdu, Pashtu, French","United States, India, Jordan",Won 1 Oscar. 85 wins & 174 nominations total,https://m.media-amazon.com/images/M/MV5BMTQ4OTUyNzcwN15BMl5BanBnXkFtZTcwMTQ1NDE3OA@@._V1_SX300.jpg,"[{'Source': 'Internet Movie Database', 'Value': '7.4/10'}, {'Source': 'Rotten Tomatoes', 'Value': '91%'}, {'Source': 'Metacritic', 'Value': '95/100'}]",95,7.4,"329,828",tt1790885,movie,N/A,"$95,720,716",N/A,N/A,True
The Break-Up,2006,PG-13,02 Jun 2006,106 min,"Comedy, Drama, Romance",Peyton Reed,"Jeremy Garelick, Jay Lavender, Vince Vaughn","Jennifer Aniston, Vince Vaughn, Jon Favreau",A couple's break-up proceeds to get uglier and nastier by the moment as each tries to keep their luxurious condo from the other.,English,United States,3 wins & 5 nominations total,https://m.media-amazon.com/images/M/MV5BZTVhNTdkNmYtYWViNC00MjJjLWFjMjMtMmY1YzA1NzI3MzQ0XkEyXkFqcGc@._V1_SX300.jpg,"[{'Source': 'Internet Movie Database', 'Value': '5.8/10'}, {'Source': 'Rotten Tomatoes', 'Value': '34%'}, {'Source': 'Metacritic', 'Value': '46/100'}]",46,5.8,"142,163",tt0452594,movie,N/A,"$118,703,275",N/A,N/A,True
Mamma Mia!,2008,PG-13,18 Jul 2008,108 min,"Comedy, Musical, Romance",Phyllida Lloyd,Catherine Johnson,"Meryl Streep, Pierce Brosnan, Amanda Seyfried","Donna, an independent hotelier, is preparing for her daughter's wedding with the help of two old friends. Meanwhile Sophie, the spirited bride, has a plan. She invites three men from her mother's past in hope of meeting her real f...","English, Greek","United States, United Kingdom, Germany",Nominated for 3 BAFTA 16 wins & 27 nominations total,https://m.media-amazon.com/images/M/MV5BMTA2MDU0MjM0MzReQTJeQWpwZ15BbWU3MDYwNzgwNzE@._V1_SX300.jpg,"[{'Source': 'Internet Movie Database', 'Value': '6.5/10'}, {'Source': 'Rotten Tomatoes', 'Value': '55%'}, {'Source': 'Metacritic', 'Value': '51/100'}]",51,6.5,"289,800",tt0795421,movie,N/A,"$144,330,569",N/A,N/A,True
Valentine's Day,2010,PG-13,12 Feb 2010,125 min,"Comedy, Romance",Garry Marshall,"Katherine Fugate, Abby Kohn, Marc Silverstein","Julia Roberts, Jamie Foxx, Anne Hathaway",Intertwining couples and singles in Los Angeles break-up and make-up based on the pressures and expectations of Valentine's Day.,"English, Spanish, Russian, Italian",United States,7 wins & 12 nominations total,https://m.media-amazon.com/images/M/MV5BMTk3MTIwNDIxNF5BMl5BanBnXkFtZTcwMDMyMzcwMw@@._V1_SX300.jpg,"[{'Source': 'Internet Movie Database', 'Value': '5.8/10'}, {'Source': 'Rotten Tomatoes', 'Value': '18%'}, {'Source': 'Metacritic', 'Value': '34/100'}]",34,5.8,"127,852",tt0817230,movie,N/A,"$110,528,528",N/A,N/A,True
The Dukes of Hazzard,2005,PG-13,05 Aug 2005,104 min,Comedy,Jay Chandrasekhar,"Gy Waldron, John O'Brien, Jonathan L. Davis","Seann William Scott, Johnny Knoxville, Jessica Simpson","Cousins Bo, Luke, and Daisy Duke, and their uncle Jesse, egg on the authorities of Hazzard County, Boss Hogg and Sheriff Coltrane.",English,United States,5 wins & 14 nominations total,https://m.media-amazon.com/images/M/MV5BMjAwOTYxODI4OV5BMl5BanBnXkFtZTcwNDYxODIzMw@@._V1_SX300.jpg,"[{'Source': 'Internet Movie Database', 'Value': '5.1/10'}, {'Source': 'Rotten Tomatoes', 'Value': '14%'}, {'Source': 'Metacritic', 'Value': '33/100'}]",33,5.1,"82,805",tt0377818,movie,N/A,"$80,270,227",N/A,N/A,True
The Thin Red Line,1998,R,15 Jan 1999,170 min,"Drama, History, War",Terrence Malick,"James Jones, Terrence Malick","Jim Caviezel, Sean Penn, Nick Nolte","Adaptation of James Jones' autobiographical 1962 novel, focusing on the conflict at Guadalcanal during the second World War.","English, Tok Pisin, Japanese, Greek",United States,Nominated for 7 Oscars. 23 wins & 47 nominations total,https://m.media-amazon.com/images/M/MV5BMzQ5NmViMDUtMjI1NC00ZWJkLTkwNzctMmIxZWY2MzQyZDc2XkEyXkFqcGc@._V1_SX300.jpg,"[{'Source': 'Internet Movie Database', 'Value': '7.6/10'}, {'Source': 'Rotten Tomatoes', 'Value': '80%'}, {'Source': 'Metacritic', 'Value': '78/100'}]",78,7.6,"204,077",tt0120863,movie,N/A,"$36,400,491",N/A,N/A,True
The Change-Up,2011,R,05 Aug 2011,112 min,"Comedy, Fantasy",David Dobkin,"Jon Lucas, Scott Moore","Jason Bateman, Ryan Reynolds, Olivia Wilde","One fateful morning, family man Dave and bachelor Mitch wake up in each other's bodies as a result of a wish they made the previous evening.","English, Ukrainian",United States,1 nomination total,https://m.media-amazon.com/images/M/MV5BMTk3NTM4NDg3OF5BMl5BanBnXkFtZTcwNDk3MzEwNQ@@._V1_SX300.jpg,"[{'Source': 'Internet Movie Database', 'Value': '6.3/10'}, {'Source': 'Rotten Tomatoes', 'Value': '26%'}, {'Source': 'Metacritic', 'Value': '39/100'}]",39,6.3,"200,962",tt1488555,movie,N/A,"$37,081,475",N/A,N/A,True
Man on the Moon,1999,R,22 Dec 1999,118 min,"Biography, Comedy, Drama",Milos Forman,"Scott Alexander, Larry Karaszewski","Jim Carrey, Danny DeVito, Gerry Becker",The life and career of legendary comedian Andy Kaufman.,English,"United Kingdom, Germany, Japan, United States",5 wins & 25 nominations total,https://m.media-amazon.com/images/M/MV5BYjQ1NmQ3MjItNGNiZC00OWFiLWFiYjktN2E5MzAzZDYwNjdhXkEyXkFqcGc@._V1_SX300.jpg,"[{'Source': 'Internet Movie Database', 'Value': '7.4/10'}, {'Source': 'Rotten Tomatoes', 'Value': '64%'}, {'Source': 'Metacritic', 'Value': '58/100'}]",58,7.4,"140,789",tt0125664,movie,N/A,"$34,607,430",N/A,N/A,True
Casino Royale,2006,PG-13,17 Nov 2006,144 min,"Action, Adventure, Thriller",Martin Campbell,"Neal Purvis, Robert Wade, Paul Haggis","Daniel Craig, Eva Green, Judi Dench","After earning a licence to kill, secret agent James Bond sets out on his first mission as 007. Bond must defeat a private banker funding terrorists in a high-stakes game of poker at Casino Royale, in Montenegro.","English, Serbian, German, Italian, French","United States, United Kingdom, Czech Republic, Germany, Bahamas",Won 1 BAFTA Award28 wins & 44 nominations total,https://m.media-amazon.com/images/M/MV5BMTM5MjI4NDExNF5BMl5BanBnXkFtZTcwMDM1MjMzMQ@@._V1_SX300.jpg,"[{'Source': 'Internet Movie Database', 'Value': '8.0/10'}, {'Source': 'Rotten Tomatoes', 'Value': '94%'}, {'Source': 'Metacritic', 'Value': '80/100'}]",80,8.0,"716,457",tt0381061,movie,N/A,"$167,445,960",N/A,N/A,True
From Paris with Love,2010,R,05 Feb 2010,92 min,"Action, Crime, Thriller",Pierre Morel,"Adi Hasak, Luc Besson","John Travolta, Jonathan Rhys Meyers, Kasia Smutniak","In Paris, a young employee in the office of the US Ambassador hooks up with an American spy looking to stop a terrorist attack in the city.","English, French, Mandarin, German","France, United Kingdom, United States",N/A,https://m.media-amazon.com/images/M/MV5BNThhNDcyYjktNTNkOC00NDFmLTkyMjAtNGU2NjYyY2ZlMjBhXkEyXkFqcGc@._V1_SX300.jpg,"[{'Source': 'Internet Movie Database', 'Value': '6.4/10'}, {'Source': 'Rotten Tomatoes', 'Value': '37%'}, {'Source': 'Metacritic', 'Value': '42/100'}]",42,6.4,"124,234",tt1179034,movie,N/A,"$24,077,427",N/A,N/A,True
Bulletproof Monk,2003,PG-13,16 Apr 2003,104 min,"Action, Comedy, Fantasy",Paul Hunter,"Ethan Reiff, Cyrus Voris","Chow Yun-Fat, Seann William Scott, Jaime King","Based on the very underground comic book of the same name, a Tibetan monk becomes a mentor to a young street punk and tries teaching him how to protect the scroll of ultimate power from a secret Nazi organization bent on world dom...","English, Tibetan, Punjabi, German","United States, Canada",1 nomination total,https://m.media-amazon.com/images/M/MV5BMTEwODkxNzE4NzVeQTJeQWpwZ15BbWU3MDY5NDYwMzQ@._V1_SX300.jpg,"[{'Source': 'Internet Movie Database', 'Value': '5.5/10'}, {'Source': 'Rotten Tomatoes', 'Value': '23%'}, {'Source': 'Metacritic', 'Value': '40/100'}]",40,5.5,"52,829",tt0245803,movie,N/A,"$23,358,708",N/A,N/A,True
"Me, Myself & Irene",2000,R,23 Jun 2000,116 min,Comedy,"Bobby Farrelly, Peter Farrelly","Peter Farrelly, Mike Cerrone, Bobby Farrelly","Jim Carrey, Renée Zellweger, Anthony Anderson",A nice-guy cop with Dissociative Identity Disorder must protect a woman on the run from a corrupt ex-boyfriend and his associates.,"English, German",United States,2 wins & 4 nominations total,https://m.media-amazon.com/images/M/MV5BZjEzYTdkMmUtN2Y3Mi00Mzc5LWJkYTUtYTY4NzUxZTU2NzExXkEyXkFqcGc@._V1_SX300.jpg,"[{'Source': 'Internet Movie Database', 'Value': '6.6/10'}, {'Source': 'Rotten Tomatoes', 'Value': '48%'}, {'Source': 'Metacritic', 'Value': '49/100'}]",49,6.6,"257,657",tt0183505,movie,N/A,"$90,570,999",N/A,N/A,True
Barnyard,2006,PG,04 Aug 2006,90 min,"Animation, Adventure, Comedy",Steve Oedekerk,Steve Oedekerk,"Kevin James, Courteney Cox, Danny Glover","When the farmer's away, all the animals play, and sing, and dance. Eventually, though, someone has to step in and run things, a responsibility that ends up going to Otis, a carefree cow.",English,"United States, Germany",3 nominations total,https://m.media-amazon.com/images/M/MV5BMTU2NDE0ODYyNF5BMl5BanBnXkFtZTcwNjQ3NzAzMQ@@._V1_SX300.jpg,"[{'Source': 'Internet Movie Database', 'Value': '5.6/10'}, {'Source': 'Rotten Tomatoes', 'Value': '23%'}, {'Source': 'Metacritic', 'Value': '42/100'}]",42,5.6,"35,719",tt0414853,movie,N/A,"$72,637,803",N/A,N/A,True
Deck the Halls,2006,PG,22 Nov 2006,93 min,"Comedy, Family",John Whitesell,"Matt Corman, Chris Ord, Don Rhymer","Matthew Broderick, Danny DeVito, Kristin Chenoweth",Two neighbors have it out after one of them decorates his house for the holidays so brightly that it can be seen from space.,"English, German",United States,1 win & 8 nominations total,https://m.media-amazon.com/images/M/MV5BMTIzNjA4OTM0OV5BMl5BanBnXkFtZTcwMDgwODkzMQ@@._V1_SX300.jpg,"[{'Source': 'Internet Movie Database', 'Value': '5.1/10'}, {'Source': 'Rotten Tomatoes', 'Value': '6%'}, {'Source': 'Metacritic', 'Value': '28/100'}]",28,5.1,"36,325",tt0790604,movie,N/A,"$35,093,569",N/A,N/A,True
The Twilight Saga: New Moon,2009,PG-13,20 Nov 2009,130 min,"Adventure, Drama, Fantasy",Chris Weitz,"Melissa Rosenberg, Stephenie Meyer","Kristen Stewart, Robert Pattinson, Taylor Lautner","After Edward leaves because of an incident involving Bella, Jacob Black becomes her best friend. But what Bella doesn't realize is that Jacob also has a secret that will change their lives suddenly.","English, Italian",United States,23 wins & 24 nominations total,https://m.media-amazon.com/images/M/MV5BMTI3MjE3NDIxNF5BMl5BanBnXkFtZTcwODM3NTY5Mg@@._V1_SX300.jpg,"[{'Source': 'Internet Movie Database', 'Value': '4.8/10'}, {'Source': 'Rotten Tomatoes', 'Value': '28%'}, {'Source': 'Metacritic', 'Value': '44/100'}]",44,4.8,"306,498",tt1259571,movie,N/A,"$297,816,253",N/A,N/A,True
Shrek,2001,PG,18 May 2001,90 min,"Animation, Adventure, Comedy","Andrew Adamson, Vicky Jenson","William Steig, Ted Elliott, Terry Rossio","Mike Myers, Eddie Murphy, Cameron Diaz","A mean lord exiles fairytale creatures to the swamp of a grumpy ogre, who must go on a quest and rescue a princess for the lord in order to get his land back.",English,United States,Won 1 Oscar. 40 wins & 60 nominations total,https://m.media-amazon.com/images/M/MV5BN2FkMTRkNTUtYTI0NC00ZjI4LWI5MzUtMDFmOGY0NmU2OGY1XkEyXkFqcGc@._V1_SX300.jpg,"[{'Source': 'Internet Movie Database', 'Value': '7.9/10'}, {'Source': 'Rotten Tomatoes', 'Value': '88%'}, {'Source': 'Metacritic', 'Value': '84/100'}]",84,7.9,"763,726",tt0126029,movie,N/A,"$268,698,241",N/A,N/A,True
The Adjustment Bureau,2011,PG-13,04 Mar 2011,106 min,"Crime, Drama, Mystery",George Nolfi,"George Nolfi, Philip K. Dick","Matt Damon, Emily Blunt, Lisa Thoreson",The relationship between a politician and a contemporary dancer is affected by mysterious forces keeping them apart.,English,United States,1 win & 9 nominations total,https://m.media-amazon.com/images/M/MV5BMTU3ODg3MDAxMl5BMl5BanBnXkFtZTcwMjc0MDMzNA@@._V1_SX300.jpg,"[{'Source': 'Internet Movie Database', 'Value': '7.0/10'}, {'Source': 'Rotten Tomatoes', 'Value': '72%'}, {'Source': 'Metacritic', 'Value': '60/100'}]",60,7.0,"276,956",tt1385826,movie,N/A,"$62,495,645",N/A,N/A,True
Robin Hood: Prince of Thieves,1991,PG-13,14 Jun 1991,143 min,"Action, Adventure, Drama",Kevin Reynolds,"Pen Densham, John Watson","Kevin Costner, Morgan Freeman, Mary Elizabeth Mastrantonio",Robin Hood decides to fight back as an outlaw when faced with the tyranny of the Sheriff of Nottingham.,"English, Arabic",United States,Nominated for 1 Oscar. 16 wins & 25 nominations total,https://m.media-amazon.com/images/M/MV5BNTUyMjA5NDktNWY5Ny00ZWU4LWE4Y2ItMDYzZTk0NzU3ZWMyXkEyXkFqcGc@._V1_SX300.jpg,"[{'Source': 'Internet Movie Database', 'Value': '6.9/10'}, {'Source': 'Rotten Tomatoes', 'Value': '51%'}, {'Source': 'Metacritic', 'Value': '51/100'}]",51,6.9,"215,774",tt0102798,movie,N/A,"$165,493,908",N/A,N/A,True
Jerry Maguire,1996,R,13 Dec 1996,139 min,"Comedy, Drama, Romance",Cameron Crowe,Cameron Crowe,"Tom Cruise, Cuba Gooding Jr., Renée Zellweger","When a sports agent has a moral epiphany and is fired for expressing it, he decides to put his new philosophy to the test as an independent agent with the only athlete who stays with him and his former colleague.","English, American Sign ",United States,Won 1 Oscar. 26 wins & 41 nominations total,https://m.media-amazon.com/images/M/MV5BM2E1ZjU1MjctZjU2Yi00MGE1LWI1MDEtYzBlMWJlNDc1NTQxXkEyXkFqcGc@._V1_SX300.jpg,"[{'Source': 'Internet Movie Database', 'Value': '7.3/10'}, {'Source': 'Rotten Tomatoes', 'Value': '85%'}, {'Source': 'Metacritic', 'Value': '77/100'}]",77,7.3,"298,060",tt0116695,movie,N/A,"$153,952,592",N/A,N/A,True
Ted,2012,R,29 Jun 2012,106 min,Comedy,Seth MacFarlane,"Seth MacFarlane, Alec Sulkin, Wellesley Wild","Mark Wahlberg, Mila Kunis, Seth MacFarlane","John Bennett, a man whose childhood wish of bringing his teddy bear to life came true, now must decide between keeping the relationship with the bear, Ted or his girlfriend, Lori.","English, Japanese, Ukrainian",United States,Nominated for 1 Oscar. 13 wins & 28 nominations total,https://m.media-amazon.com/images/M/MV5BMTQ1OTU0ODcxMV5BMl5BanBnXkFtZTcwOTMxNTUwOA@@._V1_SX300.jpg,"[{'Source': 'Internet Movie Database', 'Value': '6.9/10'}, {'Source': 'Rotten Tomatoes', 'Value': '69%'}, {'Source': 'Metacritic', 'Value': '62/100'}]",62,6.9,"674,593",tt1637725,movie,N/A,"$218,815,487",N/A,N/A,True
As Good as It Gets,1997,PG-13,25 Dec 1997,139 min,"Comedy, Drama, Romance",James L. Brooks,"Mark Andrus, James L. Brooks","Jack Nicholson, Helen Hunt, Greg Kinnear","A single mother and waitress, a misanthropic author, and a gay artist form an unlikely friendship after the artist is assaulted in a robbery.",English,United States,Won 2 Oscars. 38 wins & 54 nominations total,https://m.media-amazon.com/images/M/MV5BMzBiMWJhYmQtOWYzNS00NjgxLWE5NDItNzZlZDQwODBmODNjXkEyXkFqcGc@._V1_SX300.jpg,"[{'Source': 'Internet Movie Database', 'Value': '7.7/10'}, {'Source': 'Rotten Tomatoes', 'Value': '86%'}, {'Source': 'Metacritic', 'Value': '67/100'}]",67,7.7,"327,033",tt0119822,movie,N/A,"$148,478,011",N/A,N/A,True
Patch Adams,1998,PG-13,25 Dec 1998,115 min,"Biography, Comedy, Drama",Tom Shadyac,"Patch Adams, Maureen Mylander, Steve Oedekerk","Robin Williams, Daniel London, Monica Potter","The true story of the heroic Hunter ""Patch"" Adams who's determined to become a medical doctor because of his desire to help other people. He ventures where no doctor ever ventured before utilizing humor and pathos.",English,United States,Nominated for 1 Oscar. 1 win & 7 nominations total,https://m.media-amazon.com/images/M/MV5BYjEwMTJhMDktZDFjZi00MzQ5LTg0NWMtMDlhNmNiYWRkMDk1XkEyXkFqcGc@._V1_SX300.jpg,"[{'Source': 'Internet Movie Database', 'Value': '6.8/10'}, {'Source': 'Rotten Tomatoes', 'Value': '21%'}, {'Source': 'Metacritic', 'Value': '26/100'}]",26,6.8,"126,130",tt0129290,movie,N/A,"$135,026,902",N/A,N/A,True
Anchorman 2: The Legend Continues,2013,PG-13,18 Dec 2013,119 min,Comedy,Adam McKay,"Will Ferrell, Adam McKay","Will Ferrell, Christina Applegate, Paul Rudd","With the 1970s behind him, Ron Burgundy, San Diego's former top-rated newsreader, returns to take New York City's first twenty-four-hour news channel by storm.",English,United States,1 win & 23 nominations total,https://m.media-amazon.com/images/M/MV5BMjE5ODk0NjQzNV5BMl5BanBnXkFtZTgwODk4MDA1MDE@._V1_SX300.jpg,"[{'Source': 'Internet Movie Database', 'Value': '6.3/10'}, {'Source': 'Rotten Tomatoes', 'Value': '74%'}, {'Source': 'Metacritic', 'Value': '61/100'}]",61,6.3,"197,392",tt1229340,movie,N/A,"$127,352,707",N/A,N/A,True
Super 8,2011,PG-13,10 Jun 2011,112 min,"Action, Sci-Fi, Thriller",J.J. Abrams,J.J. Abrams,"Elle Fanning, AJ Michalka, Kyle Chandler","During the summer of 1979, a group of friends witness a train crash and investigate subsequent unexplained events in their small town.",English,United States,11 wins & 71 nominations total,https://m.media-amazon.com/images/M/MV5BMjIzNjEyMzcwOF5BMl5BanBnXkFtZTcwMTkyMjE0NQ@@._V1_SX300.jpg,"[{'Source': 'Internet Movie Database', 'Value': '7.0/10'}, {'Source': 'Rotten Tomatoes', 'Value': '81%'}, {'Source': 'Metacritic', 'Value': '72/100'}]",72,7.0,"374,044",tt1650062,movie,N/A,"$127,004,179",N/A,N/A,True
Erin Brockovich,2000,R,17 Mar 2000,131 min,"Biography, Drama",Steven Soderbergh,Susannah Grant,"Julia Roberts, Albert Finney, David Brisbin",A flamboyant law firm secretary works tirelessly to gain justice for a small town wrecked by a utility company's pollution.,English,United States,Won 1 Oscar. 33 wins & 59 nominations total,https://m.media-amazon.com/images/M/MV5BZTNkNzkzYTEtYTJkMC00MTNkLWE0YjMtOGYxNGI0ODNiMzIwXkEyXkFqcGc@._V1_SX300.jpg,"[{'Source': 'Internet Movie Database', 'Value': '7.4/10'}, {'Source': 'Rotten Tomatoes', 'Value': '85%'}, {'Source': 'Metacritic', 'Value': '73/100'}]",73,7.4,"234,108",tt0195685,movie,N/A,"$125,595,205",N/A,N/A,True
How to Lose a Guy in 10 Days,2003,PG-13,07 Feb 2003,116 min,"Comedy, Romance",Donald Petrie,"Michele Alexander, Jeannie Long, Kristen Buckley","Kate Hudson, Matthew McConaughey, Adam Goldberg","Benjamin Barry is an advertising executive and ladies' man who, to win a big campaign, bets that he can make a woman fall in love with him in 10 days.",English,"United States, Germany",1 win & 8 nominations total,https://m.media-amazon.com/images/M/MV5BMjE4NTA1NzExN15BMl5BanBnXkFtZTYwNjc3MjM3._V1_SX300.jpg,"[{'Source': 'Internet Movie Database', 'Value': '6.5/10'}, {'Source': 'Rotten Tomatoes', 'Value': '42%'}, {'Source': 'Metacritic', 'Value': '45/100'}]",45,6.5,"290,829",tt0251127,movie,N/A,"$105,813,373",N/A,N/A,True
22 Jump Street,2014,R,13 Jun 2014,112 min,"Action, Comedy, Crime","Phil Lord, Christopher Miller","Michael Bacall, Oren Uziel, Rodney Rothman","Channing Tatum, Jonah Hill, Ice Cube","After making their way through high school (twice), big changes are in store for officers Schmidt and Jenko when they go deep undercover at a local college.","English, Spanish, Ukrainian",United States,7 wins & 25 nominations total,https://m.media-amazon.com/images/M/MV5BMTcwNzAxMDU1M15BMl5BanBnXkFtZTgwNDE2NTU1MTE@._V1_SX300.jpg,"[{'Source': 'Internet Movie Database', 'Value': '7.0/10'}, {'Source': 'Rotten Tomatoes', 'Value': '84%'}, {'Source': 'Metacritic', 'Value': '71/100'}]",71,7.0,"423,230",tt2294449,movie,N/A,"$191,719,337",N/A,N/A,True
Yes Man,2008,PG-13,19 Dec 2008,104 min,"Comedy, Romance",Peyton Reed,"Nicholas Stoller, Jarrad Paul, Andrew Mogel","Jim Carrey, Zooey Deschanel, Bradley Cooper","A man challenges himself to say ""yes"" to everything.","English, Korean","United States, United Kingdom",3 wins & 9 nominations total,https://m.media-amazon.com/images/M/MV5BZWQ4YzBiMzgtM2ZhZC00ZDQ5LWFiZjgtNmFlNzZlMTBkZTJhXkEyXkFqcGc@._V1_SX300.jpg,"[{'Source': 'Internet Movie Database', 'Value': '6.8/10'}, {'Source': 'Rotten Tomatoes', 'Value': '45%'}, {'Source': 'Metacritic', 'Value': '46/100'}]",46,6.8,"394,155",tt1068680,movie,N/A,"$97,690,976",N/A,N/A,True
Central Intelligence,2016,PG-13,17 Jun 2016,107 min,"Action, Comedy, Crime",Rawson Marshall Thurber,"Ike Barinholtz, David Stassen, Rawson Marshall Thurber","Dwayne Johnson, Kevin Hart, Danielle Nicolet","After he reconnects with an awkward pal from high school through Facebook, a mild-mannered accountant is lured into the world of international espionage.",English,"United States, China",2 wins & 8 nominations total,https://m.media-amazon.com/images/M/MV5BMjA2NzEzNjIwNl5BMl5BanBnXkFtZTgwNzgwMTEzNzE@._V1_SX300.jpg,"[{'Source': 'Internet Movie Database', 'Value': '6.3/10'}, {'Source': 'Rotten Tomatoes', 'Value': '71%'}, {'Source': 'Metacritic', 'Value': '52/100'}]",52,6.3,"226,229",tt1489889,movie,N/A,"$127,440,871",N/A,N/A,True
Stepmom,1998,PG-13,25 Dec 1998,125 min,"Comedy, Drama",Chris Columbus,"Gigi Levangie, Jessie Nelson, Steven Rogers","Julia Roberts, Susan Sarandon, Ed Harris","A terminally ill woman must deal with her ex-husband's new lover, who will be their children's stepmother.",English,United States,8 wins & 7 nominations total,https://m.media-amazon.com/images/M/MV5BMDM0YTkzNTgtZGQ3Yy00MGFiLTk2NTQtODZkYWRjYzYwMGNlXkEyXkFqcGc@._V1_SX300.jpg,"[{'Source': 'Internet Movie Database', 'Value': '6.8/10'}, {'Source': 'Rotten Tomatoes', 'Value': '44%'}, {'Source': 'Metacritic', 'Value': '58/100'}]",58,6.8,"77,395",tt0120686,movie,N/A,"$91,137,662",N/A,N/A,True
Daddy's Home,2015,PG-13,25 Dec 2015,96 min,"Comedy, Family",Sean Anders,"Brian Burns, Sean Anders, John Morris","Will Ferrell, Mark Wahlberg, Linda Cardellini","Brad Whitaker is a radio host trying to get his stepchildren to love him and call him Dad. But his plans turn upside down when their biological father, Dusty Mayron, returns.","English, Ukrainian",United States,1 win & 4 nominations total,https://m.media-amazon.com/images/M/MV5BMTQ0OTE1MTk4N15BMl5BanBnXkFtZTgwMDM5OTk5NjE@._V1_SX300.jpg,"[{'Source': 'Internet Movie Database', 'Value': '6.2/10'}, {'Source': 'Rotten Tomatoes', 'Value': '30%'}, {'Source': 'Metacritic', 'Value': '42/100'}]",42,6.2,"133,456",tt1528854,movie,N/A,"$150,357,137",N/A,N/A,True
Into the Woods,2014,PG,25 Dec 2014,125 min,"Adventure, Comedy, Drama",Rob Marshall,"James Lapine, Stephen Sondheim","Anna Kendrick, Meryl Streep, Chris Pine",A witch tasks a childless baker and his wife with procuring magical items from classic fairy tales to reverse the curse put on their family tree.,English,"United States, Canada, Italy, United Kingdom",Nominated for 3 Oscars. 11 wins & 74 nominations total,https://m.media-amazon.com/images/M/MV5BMTY4MzQ4OTY3NF5BMl5BanBnXkFtZTgwNjM5MDI3MjE@._V1_SX300.jpg,"[{'Source': 'Internet Movie Database', 'Value': '5.9/10'}, {'Source': 'Rotten Tomatoes', 'Value': '70%'}, {'Source': 'Metacritic', 'Value': '69/100'}]",69,5.9,"150,022",tt2180411,movie,N/A,"$128,002,372",N/A,N/A,True
Inside Man,2006,R,24 Mar 2006,129 min,"Crime, Drama, Mystery",Spike Lee,Russell Gewirtz,"Denzel Washington, Clive Owen, Jodie Foster","A police detective, a bank robber and a high-power broker enter high-stakes negotiations after the criminal's brilliant heist spirals into a hostage situation.","English, Albanian, Spanish, Polish",United States,5 wins & 12 nominations total,https://m.media-amazon.com/images/M/MV5BZWFmMDZkYjktMjYyOS00MTM2LTg2MmQtOTUwMzJjMDlhZDY1XkEyXkFqcGc@._V1_SX300.jpg,"[{'Source': 'Internet Movie Database', 'Value': '7.6/10'}, {'Source': 'Rotten Tomatoes', 'Value': '86%'}, {'Source': 'Metacritic', 'Value': '76/100'}]",76,7.6,"411,859",tt0454848,movie,N/A,"$88,513,495",N/A,N/A,True
Payback,1999,R,05 Feb 1999,100 min,"Action, Crime, Drama",Brian Helgeland,"Donald E. Westlake, Brian Helgeland, Terry Hayes","Mel Gibson, Gregg Henry, Maria Bello","After a successful heist, Porter is left for dead. Once he recovers, he seeks vengeance and wants his share of the money.",English,United States,2 wins & 2 nominations total,https://m.media-amazon.com/images/M/MV5BZDVmM2YxNDUtMjE2Yy00M2I0LTk1MmEtYWUxZTI4NjMyMDJiXkEyXkFqcGc@._V1_SX300.jpg,"[{'Source': 'Internet Movie Database', 'Value': '7.1/10'}, {'Source': 'Rotten Tomatoes', 'Value': '56%'}, {'Source': 'Metacritic', 'Value': '46/100'}]",46,7.1,"149,893",tt0120784,movie,N/A,"$81,526,121",N/A,N/A,True
Congo,1995,PG-13,09 Jun 1995,109 min,"Action, Adventure, Mystery",Frank Marshall,"Michael Crichton, John Patrick Shanley","Laura Linney, Tim Curry, Dylan Walsh","When an expedition to the African Congo ends in disaster, a new team is assembled to find out what went wrong.","English, American Sign ",United States,2 wins & 11 nominations,https://m.media-amazon.com/images/M/MV5BOTc0MmM1MmMtYTI0Yi00YzJlLTg4MjctNjBlOGQ4NGJjZTNmXkEyXkFqcGc@._V1_SX300.jpg,"[{'Source': 'Internet Movie Database', 'Value': '5.3/10'}, {'Source': 'Rotten Tomatoes', 'Value': '23%'}, {'Source': 'Metacritic', 'Value': '22/100'}]",22,5.3,"49,564",tt0112715,movie,N/A,"$81,022,101",N/A,N/A,True
We Bought a Zoo,2011,PG,23 Dec 2011,124 min,"Comedy, Drama, Family",Cameron Crowe,"Aline Brosh McKenna, Cameron Crowe, Benjamin Mee","Matt Damon, Scarlett Johansson, Thomas Haden Church","Set in Southern California, a father moves his young family to the countryside to renovate and re-open a struggling zoo.","English, Spanish",United States,1 win & 8 nominations total,https://m.media-amazon.com/images/M/MV5BMTQ0MTE3OTUwMl5BMl5BanBnXkFtZTcwODg5NjgwNw@@._V1_SX300.jpg,"[{'Source': 'Internet Movie Database', 'Value': '7.0/10'}, {'Source': 'Rotten Tomatoes', 'Value': '64%'}, {'Source': 'Metacritic', 'Value': '58/100'}]",58,7.0,"154,430",tt1389137,movie,N/A,"$75,624,550",N/A,N/A,True
Knowing,2009,PG-13,20 Mar 2009,121 min,"Mystery, Sci-Fi, Thriller",Alex Proyas,"Ryne Douglas Pearson, Juliet Snowden, Stiles White","Nicolas Cage, Chandler Canterbury, Rose Byrne",M.I.T. professor John Koestler links a mysterious list of numbers from a time capsule to past and future disasters and sets out to prevent the ultimate catastrophe.,English,"United States, United Kingdom, Australia",1 win & 6 nominations total,https://m.media-amazon.com/images/M/MV5BMTMyMjgyMDIyM15BMl5BanBnXkFtZTcwNjg3MjAyMg@@._V1_SX300.jpg,"[{'Source': 'Internet Movie Database', 'Value': '6.2/10'}, {'Source': 'Rotten Tomatoes', 'Value': '35%'}, {'Source': 'Metacritic', 'Value': '41/100'}]",41,6.2,"255,843",tt0448011,movie,N/A,"$79,957,634",N/A,N/A,True
Failure to Launch,2006,PG-13,10 Mar 2006,97 min,"Comedy, Romance",Tom Dey,"Tom J. Astle, Matt Ember","Matthew McConaughey, Sarah Jessica Parker, Kathy Bates",A thirty-something is still living with his parents until they hire an interventionist to help him graduate out of the house. That's when the fun begins.,English,United States,5 nominations total,https://m.media-amazon.com/images/M/MV5BMTg0OTc2MDQ3NV5BMl5BanBnXkFtZTcwNDUwMjEzMw@@._V1_SX300.jpg,"[{'Source': 'Internet Movie Database', 'Value': '5.7/10'}, {'Source': 'Rotten Tomatoes', 'Value': '23%'}, {'Source': 'Metacritic', 'Value': '47/100'}]",47,5.7,"91,199",tt0427229,movie,N/A,"$88,715,192",N/A,N/A,True
The Ring Two,2005,PG-13,18 Mar 2005,110 min,"Horror, Mystery",Hideo Nakata,"Ehren Kruger, Kôji Suzuki, Hiroshi Takahashi","Naomi Watts, David Dorfman, Sissy Spacek","Six months after the incidents involving the lethal videotape, new clues prove that there is a new evil lurking in the darkness.",English,United States,2 wins & 11 nominations total,https://m.media-amazon.com/images/M/MV5BMTY2ODc2NTQ2OF5BMl5BanBnXkFtZTYwNzA4OTU3._V1_SX300.jpg,"[{'Source': 'Internet Movie Database', 'Value': '5.4/10'}, {'Source': 'Rotten Tomatoes', 'Value': '21%'}, {'Source': 'Metacritic', 'Value': '44/100'}]",44,5.4,"103,592",tt0377109,movie,N/A,"$76,231,249",N/A,N/A,True
"Crazy, Stupid, Love.",2011,PG-13,29 Jul 2011,118 min,"Comedy, Drama, Romance","Glenn Ficarra, John Requa",Dan Fogelman,"Steve Carell, Ryan Gosling, Julianne Moore","A middle-aged husband's life changes dramatically when his wife asks him for a divorce. He seeks to rediscover his manhood with the help of a newfound friend, Jacob, learning to pick up girls at bars.",English,United States,5 wins & 23 nominations total,https://m.media-amazon.com/images/M/MV5BMTg2MjkwMTM0NF5BMl5BanBnXkFtZTcwMzc4NDg2NQ@@._V1_SX300.jpg,"[{'Source': 'Internet Movie Database', 'Value': '7.4/10'}, {'Source': 'Rotten Tomatoes', 'Value': '79%'}, {'Source': 'Metacritic', 'Value': '68/100'}]",68,7.4,"591,900",tt1570728,movie,13 Apr 2016,"$84,379,584","Carousel, DiNovi Pictures",N/A,True
Garfield: The Movie,2004,PG,11 Jun 2004,80 min,"Adventure, Comedy, Family",Peter Hewitt,"Jim Davis, Joel Cohen, Alec Sokolow","Breckin Meyer, Jennifer Love Hewitt, Stephen Tobolowsky","Jon Arbuckle buys a second pet, a dog named Odie. However, Odie is then abducted and it is up to Jon's cat, Garfield, to find and rescue the canine.",English,United States,1 win & 1 nomination,https://m.media-amazon.com/images/M/MV5BMTIzMTc1OTUxOV5BMl5BanBnXkFtZTYwNTMxODc3._V1_SX300.jpg,"[{'Source': 'Internet Movie Database', 'Value': '5.1/10'}, {'Source': 'Rotten Tomatoes', 'Value': '14%'}, {'Source': 'Metacritic', 'Value': '27/100'}]",27,5.1,"96,245",tt0356634,movie,N/A,"$75,369,589",N/A,N/A,True
Christmas with the Kranks,2004,PG,24 Nov 2004,99 min,"Comedy, Family",Joe Roth,"John Grisham, Chris Columbus","Tim Allen, Jamie Lee Curtis, Dan Aykroyd","With their daughter Blair away in Peru, Luther and Nora Krank decide to skip Christmas altogether until she decides to come home, causing an uproar when they must celebrate it at the last minute.","English, Spanish",United States,3 wins & 4 nominations total,https://m.media-amazon.com/images/M/MV5BMTQxMDMxODEwNF5BMl5BanBnXkFtZTYwNzM4OTc2._V1_SX300.jpg,"[{'Source': 'Internet Movie Database', 'Value': '5.5/10'}, {'Source': 'Rotten Tomatoes', 'Value': '5%'}, {'Source': 'Metacritic', 'Value': '22/100'}]",22,5.5,"61,619",tt0388419,movie,N/A,"$73,780,539",N/A,N/A,True
Moneyball,2011,PG-13,23 Sep 2011,133 min,"Biography, Drama, Sport",Bennett Miller,"Steven Zaillian, Aaron Sorkin, Stan Chervin","Brad Pitt, Robin Wright, Jonah Hill",Oakland A's general manager Billy Beane's successful attempt to assemble a baseball team on a lean budget by employing computer-generated analysis to acquire new players.,English,United States,Nominated for 6 Oscars. 29 wins & 82 nominations total,https://m.media-amazon.com/images/M/MV5BMjAxOTU3Mzc1M15BMl5BanBnXkFtZTcwMzk1ODUzNg@@._V1_SX300.jpg,"[{'Source': 'Internet Movie Database', 'Value': '7.6/10'}, {'Source': 'Rotten Tomatoes', 'Value': '94%'}, {'Source': 'Metacritic', 'Value': '87/100'}]",87,7.6,"485,155",tt1210166,movie,N/A,"$75,605,492",N/A,N/A,True
Outbreak,1995,R,10 Mar 1995,127 min,"Action, Drama, Thriller",Wolfgang Petersen,"Laurence Dworet, Robert Roy Pool","Dustin Hoffman, Rene Russo, Morgan Freeman",A team of Army doctors struggle to find a cure for the deadly Motaba virus that was transported from Africa to North America by a white-headed Capuchin monkey and is now spreading quickly throughout a small California town.,"English, Korean, French",United States,5 wins & 5 nominations,https://m.media-amazon.com/images/M/MV5BNGYxY2Q0YzUtMmE3OS00ZmQ5LWFiOGUtZDZmNTJlM2YyZjJmXkEyXkFqcGc@._V1_SX300.jpg,"[{'Source': 'Internet Movie Database', 'Value': '6.6/10'}, {'Source': 'Rotten Tomatoes', 'Value': '59%'}, {'Source': 'Metacritic', 'Value': '64/100'}]",64,6.6,"140,548",tt0114069,movie,N/A,"$67,659,560",N/A,N/A,True
Non-Stop,2014,PG-13,28 Feb 2014,106 min,"Action, Mystery, Thriller",Jaume Collet-Serra,"John W. Richardson, Christopher Roach, Ryan Engle","Liam Neeson, Julianne Moore, Scoot McNairy","An air marshal springs into action during a transatlantic flight after receiving a series of text messages demanding $150 million into an off-shore account, or someone will die every 20 minutes.","English, German","United Kingdom, France, United States, Canada",1 nomination total,https://m.media-amazon.com/images/M/MV5BOTI3NzcxMjkzMl5BMl5BanBnXkFtZTgwMDY0NTQ0MDE@._V1_SX300.jpg,"[{'Source': 'Internet Movie Database', 'Value': '6.9/10'}, {'Source': 'Rotten Tomatoes', 'Value': '62%'}, {'Source': 'Metacritic', 'Value': '56/100'}]",56,6.9,"280,334",tt2024469,movie,N/A,"$92,168,600",N/A,N/A,True
Race to Witch Mountain,2009,PG,13 Mar 2009,98 min,"Action, Adventure, Family",Andy Fickman,"Matt Lopez, Mark Bomback, Alexander Key","Dwayne Johnson, Carla Gugino, AnnaSophia Robb",A Las Vegas cabbie enlists the help of a U.F.O. expert to protect two siblings with paranormal powers from the clutches of an organization that wants to use the kids for their nefarious plans.,English,United States,1 win & 1 nomination total,https://m.media-amazon.com/images/M/MV5BMzQ5MTM5NTU2NV5BMl5BanBnXkFtZTcwMDAzMjAyMg@@._V1_SX300.jpg,"[{'Source': 'Internet Movie Database', 'Value': '5.7/10'}, {'Source': 'Rotten Tomatoes', 'Value': '42%'}, {'Source': 'Metacritic', 'Value': '52/100'}]",52,5.7,"64,472",tt1075417,movie,N/A,"$67,172,594",N/A,N/A,True
V for Vendetta,2005,R,17 Mar 2006,132 min,"Action, Drama, Sci-Fi",James McTeigue,"Lilly Wachowski, Lana Wachowski, David Lloyd","Hugo Weaving, Natalie Portman, Rupert Graves","In a future British dystopian society, a shadowy freedom fighter, known only by the alias of ""V"", plots to overthrow the tyrannical government - with the help of a young woman.","English, French, Latin, Spanish","United States, United Kingdom, Germany",7 wins & 29 nominations total,https://m.media-amazon.com/images/M/MV5BOTI5ODc3NzExNV5BMl5BanBnXkFtZTcwNzYxNzQzMw@@._V1_SX300.jpg,"[{'Source': 'Internet Movie Database', 'Value': '8.1/10'}, {'Source': 'Rotten Tomatoes', 'Value': '73%'}, {'Source': 'Metacritic', 'Value': '62/100'}]",62,8.1,"1,212,835",tt0434409,movie,N/A,"$70,511,035",N/A,N/A,True
Shanghai Knights,2003,PG-13,07 Feb 2003,114 min,"Action, Adventure, Comedy",David Dobkin,"Alfred Gough, Miles Millar","Jackie Chan, Owen Wilson, Fann Wong","When a Chinese rebel murders Chon's estranged father and escapes to England, Chon and Roy make their way to London with revenge on their minds.","English, Mandarin","United States, Hong Kong",5 nominations total,https://m.media-amazon.com/images/M/MV5BMDYxNzQ0ZWQtOTUxNi00ZDM5LWJhYWMtMGJlODgzMTE0NGFiXkEyXkFqcGc@._V1_SX300.jpg,"[{'Source': 'Internet Movie Database', 'Value': '6.2/10'}, {'Source': 'Rotten Tomatoes', 'Value': '66%'}, {'Source': 'Metacritic', 'Value': '58/100'}]",58,6.2,"114,198",tt0300471,movie,N/A,"$60,476,872",N/A,N/A,True
Unforgotten,2015–,TV-MA,08 Apr 2018,31S min,"Crime, Drama, Mystery",N/A,Chris Lang,"Sanjeev Bhaskar, Jordan Long, Carolina Main","London detectives investigate crimes from the past, unravelling secrets left buried for years.",English,United Kingdom,Won 1 BAFTA Award2 wins & 10 nominations total,https://m.media-amazon.com/images/M/MV5BZDllZjQ1ZjMtMGE4YS00Y2ZkLTg3OGQtZDkwNGZhODAwY2E3XkEyXkFqcGc@._V1_SX300.jpg,"[{'Source': 'Internet Movie Database', 'Value': '8.4/10'}]",N/A,8.4,"32,750",tt4192812,series,6,True,,,
Curious George,2006,G,10 Feb 2006,87 min,"Animation, Adventure, Comedy",Matthew O'Callaghan,"Ken Kaufman, Mike Werb, Margret Rey","Will Ferrell, Drew Barrymore, Eugene Levy","The Man in the Yellow Hat is an oddball museum employee who looks after his pet monkey, an inquisitive and wonderful creature whose enthusiasm often gets the best of him.",English,"United States, Germany, Taiwan, France, Philippines, South Korea, Canada, United Kingdom",1 nomination total,https://m.media-amazon.com/images/M/MV5BODIxNzYxNDEzNl5BMl5BanBnXkFtZTgwMjA1NTM2MTI@._V1_SX300.jpg,"[{'Source': 'Internet Movie Database', 'Value': '6.5/10'}, {'Source': 'Rotten Tomatoes', 'Value': '70%'}, {'Source': 'Metacritic', 'Value': '62/100'}]",62,6.5,"18,599",tt0381971,movie,N/A,"$58,360,760",N/A,N/A,True
Herbie Fully Loaded,2005,G,22 Jun 2005,101 min,"Adventure, Comedy, Family",Angela Robinson,"Thomas Lennon, Robert Ben Garant, Alfred Gough","Lindsay Lohan, Michael Keaton, Cheryl Hines","Maggie Peyton, the new owner of Herbie, Number 53, the free-wheelin' Volkswagen bug with a mind of its own, puts the car through its paces on the road to becoming a NASCAR competitor.",English,United States,2 wins & 6 nominations total,https://m.media-amazon.com/images/M/MV5BMTkwNDI5NDcyMV5BMl5BanBnXkFtZTcwMjg5OTcyMQ@@._V1_SX300.jpg,"[{'Source': 'Internet Movie Database', 'Value': '4.9/10'}, {'Source': 'Rotten Tomatoes', 'Value': '40%'}, {'Source': 'Metacritic', 'Value': '47/100'}]",47,4.9,"52,047",tt0400497,movie,N/A,"$66,023,816",N/A,N/A,True
Don't Say a Word,2001,R,28 Sep 2001,113 min,"Drama, Mystery, Thriller",Gary Fleder,"Andrew Klavan, Anthony Peckham, Patrick Smith Kelly","Michael Douglas, Sean Bean, Brittany Murphy","When the daughter of a psychiatrist is kidnapped, he's horrified to discover that the abductors' demand is that he break through to a post traumatic stress disorder suffering young woman who knows a secret...","English, Italian, Chinese","United States, Australia, Switzerland, Canada",1 nomination total,https://m.media-amazon.com/images/M/MV5BOGY3OWJmZmQtYWFjZi00MzFhLTg4Y2YtOWI5YTkxZGRmOWNkXkEyXkFqcGc@._V1_SX300.jpg,"[{'Source': 'Internet Movie Database', 'Value': '6.3/10'}, {'Source': 'Rotten Tomatoes', 'Value': '23%'}, {'Source': 'Metacritic', 'Value': '38/100'}]",38,6.3,"58,882",tt0260866,movie,N/A,"$55,001,642",N/A,N/A,True
Hansel & Gretel: Witch Hunters,2013,R,25 Jan 2013,88 min,"Action, Fantasy, Horror",Tommy Wirkola,"Tommy Wirkola, Jacob Grimm, Wilhelm Grimm","Jeremy Renner, Gemma Arterton, Peter Stormare",Brother/sister duo Hansel and Gretel are professional witch-hunters who help innocent villagers. One day they stumble upon a case that could hold the key to their past.,English,"Germany, United States",3 wins & 4 nominations total,https://m.media-amazon.com/images/M/MV5BMjA4MDQwODg2NV5BMl5BanBnXkFtZTcwNTc5ODc2OA@@._V1_SX300.jpg,"[{'Source': 'Internet Movie Database', 'Value': '6.1/10'}, {'Source': 'Rotten Tomatoes', 'Value': '17%'}, {'Source': 'Metacritic', 'Value': '23/100'}]",23,6.1,"220,622",tt1428538,movie,N/A,"$55,703,475",N/A,N/A,True
Unfaithful,2002,R,10 May 2002,124 min,"Drama, Romance, Thriller",Adrian Lyne,"Claude Chabrol, Alvin Sargent, William Broyles Jr.","Richard Gere, Diane Lane, Olivier Martinez",A New York suburban couple's marriage goes dangerously awry when the wife indulges in an adulterous fling.,"English, French","United States, Germany, Switzerland",Nominated for 1 Oscar. 3 wins & 16 nominations total,https://m.media-amazon.com/images/M/MV5BMDFlOTJhODItOTgzYi00MmRjLTkzMTktODVhYTc4NGUzNDEyXkEyXkFqcGc@._V1_SX300.jpg,"[{'Source': 'Internet Movie Database', 'Value': '6.7/10'}, {'Source': 'Rotten Tomatoes', 'Value': '50%'}, {'Source': 'Metacritic', 'Value': '63/100'}]",63,6.7,"102,933",tt0250797,movie,N/A,"$52,775,765",N/A,N/A,True
I Am Number Four,2011,PG-13,18 Feb 2011,111 min,"Action, Adventure, Sci-Fi",D.J. Caruso,"Alfred Gough, Miles Millar, Marti Noxon","Alex Pettyfer, Timothy Olyphant, Dianna Agron","Aliens and their Guardians are hiding on Earth from intergalactic bounty hunters. They can only be killed in numerical order, and Number Four is next on the list. This is his story.","English, French","United States, India",1 win & 1 nomination total,https://m.media-amazon.com/images/M/MV5BMjI0NDI1MTMyM15BMl5BanBnXkFtZTcwMDMzMTcyNA@@._V1_SX300.jpg,"[{'Source': 'Internet Movie Database', 'Value': '6.1/10'}, {'Source': 'Rotten Tomatoes', 'Value': '32%'}, {'Source': 'Metacritic', 'Value': '36/100'}]",36,6.1,"249,369",tt1464540,movie,N/A,"$55,100,437",N/A,N/A,True
Syriana,2005,R,09 Dec 2005,128 min,"Drama, Thriller",Stephen Gaghan,"Stephen Gaghan, Robert Baer","George Clooney, Matt Damon, Amanda Peet",A politically charged epic about the state of the oil industry in the hands of those personally involved in and affected by it.,"English, Urdu, Arabic, Persian, French, Mandarin","United States, United Arab Emirates",Won 1 Oscar. 13 wins & 30 nominations total,https://m.media-amazon.com/images/M/MV5BYWQ0YmNiYjUtODg0NS00YjNkLWJhOTktOGMxNTdmYTM0ZmMzXkEyXkFqcGc@._V1_SX300.jpg,"[{'Source': 'Internet Movie Database', 'Value': '6.9/10'}, {'Source': 'Rotten Tomatoes', 'Value': '72%'}, {'Source': 'Metacritic', 'Value': '76/100'}]",76,6.9,"135,571",tt0365737,movie,N/A,"$50,824,620",N/A,N/A,True
13 Hours: The Secret Soldiers of Benghazi,2016,R,15 Jan 2016,144 min,"Action, Drama, History",Michael Bay,"Chuck Hogan, Mitchell Zuckoff","John Krasinski, Pablo Schreiber, James Badge Dale","During an attack on a U.S. compound in Libya, a security team struggles to make sense out of the chaos.","English, Arabic","United States, Malta",Nominated for 1 Oscar. 5 nominations total,https://m.media-amazon.com/images/M/MV5BOGM1MWUzZjktMWY0MS00N2ZhLWJmZjQtNjIxOGVlNzA1OGI0XkEyXkFqcGc@._V1_SX300.jpg,"[{'Source': 'Internet Movie Database', 'Value': '7.3/10'}, {'Source': 'Rotten Tomatoes', 'Value': '51%'}, {'Source': 'Metacritic', 'Value': '48/100'}]",48,7.3,"167,993",tt4172430,movie,N/A,"$52,853,219",N/A,N/A,True
The Book of Life,2014,PG,17 Oct 2014,95 min,"Animation, Adventure, Comedy",Jorge R. Gutiérrez,"Jorge R. Gutiérrez, Doug Langdale","Diego Luna, Zoe Saldana, Channing Tatum","Manolo, a young man who is torn between fulfilling the expectations of his family and following his heart, embarks on an adventure that spans three fantastic worlds where he must face his greatest fears.","English, Spanish","United States, Mexico",3 wins & 29 nominations total,https://m.media-amazon.com/images/M/MV5BMTkzOTgzNDYzOF5BMl5BanBnXkFtZTgwOTgxMTkyMjE@._V1_SX300.jpg,"[{'Source': 'Internet Movie Database', 'Value': '7.2/10'}, {'Source': 'Rotten Tomatoes', 'Value': '83%'}, {'Source': 'Metacritic', 'Value': '67/100'}]",67,7.2,"80,100",tt2262227,movie,N/A,"$50,151,543",N/A,N/A,True
Firewall,2006,PG-13,10 Feb 2006,105 min,"Action, Crime, Thriller",Richard Loncraine,Joe Forte,"Harrison Ford, Virginia Madsen, Paul Bettany","A security specialist is forced into robbing the bank that he's protecting, as a bid to pay off his family's ransom.",English,"United States, Australia, Canada",3 nominations,https://m.media-amazon.com/images/M/MV5BMTkwOTAyMTkwOV5BMl5BanBnXkFtZTYwMjY2MTM3._V1_SX300.jpg,"[{'Source': 'Internet Movie Database', 'Value': '5.8/10'}, {'Source': 'Rotten Tomatoes', 'Value': '19%'}, {'Source': 'Metacritic', 'Value': '45/100'}]",45,5.8,"60,127",tt0408345,movie,N/A,"$48,751,189",N/A,N/A,True
Absolute Power,1997,R,14 Feb 1997,121 min,"Action, Crime, Drama",Clint Eastwood,"David Baldacci, William Goldman","Clint Eastwood, Gene Hackman, Ed Harris",Career thief Luther Whitney (Clint Eastwood) witnesses a horrific crime involving U.S. President Alan Richmond (Gene Hackman).,"English, Spanish",United States,1 nomination total,https://m.media-amazon.com/images/M/MV5BMTZkNzU2YmItNmVmMC00OTM2LTg2YTEtOTk0MWRlNWY3NDIxXkEyXkFqcGc@._V1_SX300.jpg,"[{'Source': 'Internet Movie Database', 'Value': '6.7/10'}, {'Source': 'Rotten Tomatoes', 'Value': '57%'}, {'Source': 'Metacritic', 'Value': '52/100'}]",52,6.7,"62,860",tt0118548,movie,N/A,"$50,068,310",N/A,N/A,True
G.I. Jane,1997,R,22 Aug 1997,125 min,"Action, Drama, War",Ridley Scott,"Danielle Alexandra, David Twohy","Demi Moore, Viggo Mortensen, Anne Bancroft","Lt. Jordan, a US Navy topographic analyst, joins the US Navy Special Warfare Group and struggles to prove her worth in a unit dominated by men. But a cynical woman Texan senator has sold her out.",English,"United States, United Kingdom",2 wins & 3 nominations total,https://m.media-amazon.com/images/M/MV5BMWY5OTllYzYtYjRmMS00ZmU5LTg0NmEtMzBjMDFmNDdhZGI1XkEyXkFqcGc@._V1_SX300.jpg,"[{'Source': 'Internet Movie Database', 'Value': '6.0/10'}, {'Source': 'Rotten Tomatoes', 'Value': '53%'}, {'Source': 'Metacritic', 'Value': '62/100'}]",62,6.0,"89,104",tt0119173,movie,N/A,"$48,169,156",N/A,N/A,True
The Game,1997,R,12 Sep 1997,129 min,"Drama, Mystery, Thriller",David Fincher,"John Brancato, Michael Ferris","Michael Douglas, Deborah Kara Unger, Sean Penn","After a wealthy San Francisco banker is given an opportunity to participate in a mysterious game, his life is turned upside down as he begins to question if it might really be a concealed conspiracy to destroy him.","English, Cantonese, German, Spanish, Thai",United States,1 nomination total,https://m.media-amazon.com/images/M/MV5BNGUzNzQwNmMtNzI3Mi00ZDIwLWJlM2ItMTA5N2Q2ZDMxMjJiXkEyXkFqcGc@._V1_SX300.jpg,"[{'Source': 'Internet Movie Database', 'Value': '7.7/10'}, {'Source': 'Rotten Tomatoes', 'Value': '77%'}, {'Source': 'Metacritic', 'Value': '63/100'}]",63,7.7,"451,268",tt0119174,movie,N/A,"$48,323,648",N/A,N/A,True
Silent Hill,2006,R,21 Apr 2006,125 min,"Horror, Mystery",Christophe Gans,Roger Avary,"Radha Mitchell, Laurie Holden, Sean Bean","Rose Da Silva takes her adopted daughter, Sharon, to the town of Silent Hill in an attempt to cure her of her ailment. After a violent car crash, Sharon disappears and Rose begins a horrific journey to get her back.",English,"Canada, France, Japan",8 nominations total,https://m.media-amazon.com/images/M/MV5BYTczZmZlZmEtODU4ZS00YzgzLThiMDUtMGE0ZmJhYzdhZGY5XkEyXkFqcGc@._V1_SX300.jpg,"[{'Source': 'Internet Movie Database', 'Value': '6.5/10'}, {'Source': 'Rotten Tomatoes', 'Value': '32%'}, {'Source': 'Metacritic', 'Value': '31/100'}]",31,6.5,"252,525",tt0384537,movie,N/A,"$46,982,632",N/A,N/A,True
The Replacements,2000,PG-13,11 Aug 2000,118 min,"Comedy, Sport",Howard Deutch,Vince McKewin,"Keanu Reeves, Gene Hackman, Brooke Langton","During a pro football strike, the owners hire substitute players.","English, American Sign ",United States,N/A,https://m.media-amazon.com/images/M/MV5BMmE2ZWY5ZTUtMDAzOC00OWE3LWFlYmQtYmY2OGNiMTQyNjY1XkEyXkFqcGc@._V1_SX300.jpg,"[{'Source': 'Internet Movie Database', 'Value': '6.6/10'}, {'Source': 'Rotten Tomatoes', 'Value': '41%'}, {'Source': 'Metacritic', 'Value': '30/100'}]",30,6.6,"71,930",tt0191397,movie,N/A,"$44,737,059",N/A,N/A,True
American Reunion,2012,R,06 Apr 2012,113 min,Comedy,"Jon Hurwitz, Hayden Schlossberg","Jon Hurwitz, Hayden Schlossberg, Adam Herz","Jason Biggs, Alyson Hannigan, Seann William Scott","Jim, Michelle, Stifler, and their friends reunite in East Great Falls, Michigan for their high school reunion.",English,United States,1 win & 4 nominations total,https://m.media-amazon.com/images/M/MV5BMTY4MTEyMzU1N15BMl5BanBnXkFtZTcwNDQ0NTc1Nw@@._V1_SX300.jpg,"[{'Source': 'Internet Movie Database', 'Value': '6.7/10'}, {'Source': 'Rotten Tomatoes', 'Value': '45%'}, {'Source': 'Metacritic', 'Value': '49/100'}]",49,6.7,"228,823",tt1605630,movie,N/A,"$57,011,521",N/A,N/A,True
The Negotiator,1998,R,29 Jul 1998,140 min,"Action, Crime, Drama",F. Gary Gray,"James DeMonaco, Kevin Fox","Samuel L. Jackson, Kevin Spacey, David Morse",A police negotiator confronts a framed counterpart.,English,"United States, Germany",2 wins & 6 nominations total,https://m.media-amazon.com/images/M/MV5BNTBjZDM3NzctOGE2YS00NDZiLTk4ZWMtY2IwOWI5ZTE4ZDc0XkEyXkFqcGc@._V1_SX300.jpg,"[{'Source': 'Internet Movie Database', 'Value': '7.3/10'}, {'Source': 'Metacritic', 'Value': '62/100'}]",62,7.3,"160,134",tt0120768,movie,N/A,"$44,547,681",N/A,N/A,True
Into the Storm,2014,PG-13,08 Aug 2014,89 min,"Action, Adventure, Drama",Steven Quale,John Swetnam,"Richard Armitage, Sarah Wayne Callies, Matt Walsh","Storm trackers, thrill-seekers, and everyday townspeople document an unprecedented onslaught of tornadoes touching down in the town of Silverton.",English,United States,2 wins & 1 nomination total,https://m.media-amazon.com/images/M/MV5BMjMwODI2ODc3Nl5BMl5BanBnXkFtZTgwMDQwNjkwMjE@._V1_SX300.jpg,"[{'Source': 'Internet Movie Database', 'Value': '5.8/10'}, {'Source': 'Rotten Tomatoes', 'Value': '21%'}, {'Source': 'Metacritic', 'Value': '44/100'}]",44,5.8,"73,148",tt2106361,movie,N/A,"$47,615,959",N/A,N/A,True
Beverly Hills Cop III,1994,R,25 May 1994,104 min,"Action, Comedy, Crime",John Landis,"Danilo Bach, Daniel Petrie Jr., Steven E. de Souza","Eddie Murphy, Jon Tenney, Joey Travolta","Axel Foley, while investigating a car theft ring, comes across something much bigger than that: the same men who killed his boss are running a counterfeit money ring out of a theme park in Los Angeles.","English, French",United States,3 nominations total,https://m.media-amazon.com/images/M/MV5BMGY2ZWQ2MDUtMzcyYS00ZDJmLThiNTUtOGM5MzM0NWMyNDY0XkEyXkFqcGc@._V1_SX300.jpg,"[{'Source': 'Internet Movie Database', 'Value': '5.5/10'}, {'Source': 'Rotten Tomatoes', 'Value': '10%'}, {'Source': 'Metacritic', 'Value': '16/100'}]",16,5.5,"97,552",tt0109254,movie,N/A,"$42,614,912",N/A,N/A,True
Gremlins 2: The New Batch,1990,PG-13,15 Jun 1990,106 min,"Comedy, Fantasy, Horror",Joe Dante,"Charles S. Haas, Chris Columbus","Zach Galligan, Phoebe Cates, Howie Mandel","The Gremlins are back, and this time, they've taken control of a New York City media mogul's high-tech skyscraper.",English,United States,6 nominations total,https://m.media-amazon.com/images/M/MV5BZWI2ZTI2ZjAtOWYyZS00ZmY2LWE4ZDYtNTdmNWMwZTFjNzZhXkEyXkFqcGc@._V1_SX300.jpg,"[{'Source': 'Internet Movie Database', 'Value': '6.4/10'}, {'Source': 'Rotten Tomatoes', 'Value': '71%'}, {'Source': 'Metacritic', 'Value': '69/100'}]",69,6.4,"116,238",tt0099700,movie,N/A,"$41,482,207",N/A,N/A,True
The Judge,2014,R,10 Oct 2014,141 min,"Crime, Drama, Mystery",David Dobkin,"Nick Schenk, Bill Dubuque, David Dobkin","Robert Downey Jr., Robert Duvall, Vera Farmiga","Big-city lawyer Hank Palmer returns to his childhood home where his father, the town's judge, is suspected of murder. Hank sets out to discover the truth; along the way he reconnects with his estranged family.",English,United States,Nominated for 1 Oscar. 3 wins & 9 nominations total,https://m.media-amazon.com/images/M/MV5BMTcyNzIxOTIwMV5BMl5BanBnXkFtZTgwMzE0NjQwMjE@._V1_SX300.jpg,"[{'Source': 'Internet Movie Database', 'Value': '7.4/10'}, {'Source': 'Rotten Tomatoes', 'Value': '49%'}, {'Source': 'Metacritic', 'Value': '48/100'}]",48,7.4,"211,552",tt1872194,movie,N/A,"$47,119,388",N/A,N/A,True
The Peacemaker,1997,R,26 Sep 1997,124 min,"Action, Drama, Thriller",Mimi Leder,"Leslie Cockburn, Andrew Cockburn, Michael Schiffer","George Clooney, Nicole Kidman, Marcel Iures",A US Army colonel and a civilian woman supervising him must track down stolen Russian nuclear weapons before they're used by terrorists.,"English, Russian, Serbian, Bosnian, Croatian, Polish",United States,2 nominations,https://m.media-amazon.com/images/M/MV5BZGJkYTc0ZDAtZWY0Ny00OTg0LWIyMmEtOTY2OTgyYmU3NzRmXkEyXkFqcGc@._V1_SX300.jpg,"[{'Source': 'Internet Movie Database', 'Value': '6.0/10'}, {'Source': 'Rotten Tomatoes', 'Value': '46%'}, {'Source': 'Metacritic', 'Value': '43/100'}]",43,6.0,"64,073",tt0119874,movie,N/A,"$41,263,140",N/A,N/A,True
Resident Evil: Apocalypse,2004,R,10 Sep 2004,94 min,"Action, Horror, Sci-Fi",Alexander Witt,Paul W.S. Anderson,"Milla Jovovich, Sienna Guillory, Eric Mabius","Alice wakes up in the Raccoon City hospital after the area has been overrun by zombies, and must now make it out of the city before a nuclear bomb is dropped.",English,"Germany, United Kingdom, France, Canada, United States",6 wins & 3 nominations total,https://m.media-amazon.com/images/M/MV5BMTc1NTUxMzk0Nl5BMl5BanBnXkFtZTcwNDQ1MDIzMw@@._V1_SX300.jpg,"[{'Source': 'Internet Movie Database', 'Value': '6.1/10'}, {'Source': 'Rotten Tomatoes', 'Value': '18%'}, {'Source': 'Metacritic', 'Value': '36/100'}]",36,6.1,"214,952",tt0318627,movie,N/A,"$51,201,453",N/A,N/A,True
Bridget Jones: The Edge of Reason,2004,R,19 Nov 2004,108 min,"Comedy, Drama, Romance",Beeban Kidron,"Helen Fielding, Andrew Davies, Richard Curtis","Renée Zellweger, Colin Firth, Hugh Grant","After finding love, Bridget Jones questions if she really has everything she'd ever dreamed of having.","English, German, Thai","Ireland, United Kingdom, France, United States",11 nominations total,https://m.media-amazon.com/images/M/MV5BOTU1MTM1ZTUtMzcxNy00OTRiLTllNzItN2U3MGQ4YTQzYWE4XkEyXkFqcGc@._V1_SX300.jpg,"[{'Source': 'Internet Movie Database', 'Value': '6.0/10'}, {'Source': 'Rotten Tomatoes', 'Value': '27%'}, {'Source': 'Metacritic', 'Value': '44/100'}]",44,6.0,"128,808",tt0317198,movie,N/A,"$40,226,215",N/A,N/A,True
Out of Time,2003,PG-13,03 Oct 2003,105 min,"Crime, Drama, Mystery",Carl Franklin,Dave Collard,"Denzel Washington, Sanaa Lathan, Eva Mendes",A Florida police chief must solve a vicious double homicide before he himself falls under suspicion.,English,United States,5 wins & 7 nominations total,https://m.media-amazon.com/images/M/MV5BMjAxMTMzNTI5Ml5BMl5BanBnXkFtZTcwNDAwMTQ2NA@@._V1_SX300.jpg,"[{'Source': 'Internet Movie Database', 'Value': '6.5/10'}, {'Source': 'Metacritic', 'Value': '63/100'}]",63,6.5,"67,297",tt0313443,movie,N/A,"$41,088,845",N/A,N/A,True
On Deadly Ground,1994,R,18 Feb 1994,101 min,"Action, Adventure, Thriller",Steven Seagal,"Ed Horowitz, Robin U. Russin","Steven Seagal, Michael Caine, Joan Chen",A blowout firefighter takes on an environmentally destructive oil corporation by causing many deaths and explosions in Alaska.,"English, Inuktitut",United States,1 win & 6 nominations total,https://m.media-amazon.com/images/M/MV5BNWM0MTM2YWItYzg2My00MTNhLWFlOGYtMjRiMDcyYmFmNThmXkEyXkFqcGc@._V1_SX300.jpg,"[{'Source': 'Internet Movie Database', 'Value': '4.6/10'}, {'Source': 'Rotten Tomatoes', 'Value': '14%'}, {'Source': 'Metacritic', 'Value': '33/100'}]",33,4.6,"26,175",tt0110725,movie,N/A,"$38,590,458",N/A,N/A,True
The Adventures of Sharkboy and Lavagirl 3-D,2005,PG,10 Jun 2005,93 min,"Action, Adventure, Comedy",Robert Rodriguez,"Robert Rodriguez, Marcel Rodriguez, Racer Rodriguez","Cayden Boyd, George Lopez, Kristin Davis",A young boy is recruited by his imaginary friends Sharkboy and Lavagirl to help save their planet.,English,United States,1 win & 12 nominations total,https://m.media-amazon.com/images/M/MV5BYmI2YWNjNGMtZDgxMi00NmNhLThlYmEtYWQ5ZTNiMmFmZjQ3XkEyXkFqcGc@._V1_SX300.jpg,"[{'Source': 'Internet Movie Database', 'Value': '3.8/10'}, {'Source': 'Rotten Tomatoes', 'Value': '20%'}, {'Source': 'Metacritic', 'Value': '38/100'}]",38,3.8,"44,631",tt0424774,movie,N/A,"$39,177,684",N/A,N/A,True
The Beach,2000,R,11 Feb 2000,119 min,"Adventure, Drama, Romance",Danny Boyle,"John Hodge, Alex Garland","Leonardo DiCaprio, Tilda Swinton, Daniel York Loh","On vacation in Thailand, Richard sets out for an island rumored to be a solitary beach paradise.","English, Mandingo, French, Swedish, Thai, Serbian","United Kingdom, United States",7 nominations total,https://m.media-amazon.com/images/M/MV5BYTljNTg1YjktY2I3MS00MmQwLWJkYTAtYzcwZjRjM2ExNDJjXkEyXkFqcGc@._V1_SX300.jpg,"[{'Source': 'Internet Movie Database', 'Value': '6.6/10'}, {'Source': 'Rotten Tomatoes', 'Value': '21%'}, {'Source': 'Metacritic', 'Value': '43/100'}]",43,6.6,"260,896",tt0163978,movie,N/A,"$39,785,027",N/A,N/A,True
Raising Helen,2004,PG-13,28 May 2004,119 min,"Comedy, Drama, Romance",Garry Marshall,"Patrick J. Clifton, Beth Rigazio, Jack Amiel","Kate Hudson, John Corbett, Joan Cusack","After her sister and brother-in-law die in a car accident, a young woman becomes the guardian of their three children.",English,United States,1 nomination total,https://m.media-amazon.com/images/M/MV5BMjA5NjEwMTQ0NV5BMl5BanBnXkFtZTYwOTM2MjY2._V1_SX300.jpg,"[{'Source': 'Internet Movie Database', 'Value': '6.0/10'}, {'Source': 'Rotten Tomatoes', 'Value': '25%'}, {'Source': 'Metacritic', 'Value': '38/100'}]",38,6.0,"38,838",tt0350028,movie,N/A,"$37,486,512",N/A,N/A,True
Ninja Assassin,2009,R,25 Nov 2009,99 min,"Action, Thriller",James McTeigue,"Matthew Sand, J. Michael Straczynski","Rain, Rick Yune, Naomie Harris","A young ninja turns his back on the orphanage that raised him, leading to a confrontation with a fellow ninja from the clan.",English,"Germany, United States, France",N/A,https://m.media-amazon.com/images/M/MV5BMTcxNDYzMjU1Ml5BMl5BanBnXkFtZTcwMTYzOTM3Mg@@._V1_SX300.jpg,"[{'Source': 'Internet Movie Database', 'Value': '6.3/10'}, {'Source': 'Rotten Tomatoes', 'Value': '26%'}, {'Source': 'Metacritic', 'Value': '34/100'}]",34,6.3,"77,643",tt1186367,movie,N/A,"$38,122,883",N/A,N/A,True
For Love of the Game,1999,PG-13,17 Sep 1999,137 min,"Drama, Romance, Sport",Sam Raimi,"Michael Shaara, Dana Stevens","Kevin Costner, Kelly Preston, John C. Reilly","After 19 years of playing the game he's loved his whole life, Detroit Tigers pitcher Billy Chapel has to decide if he's going to risk everything and put everything out there.",English,United States,7 nominations,https://m.media-amazon.com/images/M/MV5BNjA5ZDZkMTctYmVhOC00ZDQzLWE3MTctNWIyZmRhOGZhMDM4XkEyXkFqcGc@._V1_SX300.jpg,"[{'Source': 'Internet Movie Database', 'Value': '6.6/10'}, {'Source': 'Rotten Tomatoes', 'Value': '47%'}, {'Source': 'Metacritic', 'Value': '43/100'}]",43,6.6,"38,246",tt0126916,movie,N/A,"$35,188,640",N/A,N/A,True
A Touch of Frost,1992–2010,TV-MA,03 Apr 2010,105 min,"Crime, Drama, Mystery",N/A,N/A,"David Jason, Bruce Alexander, John Lyons","DI Jack Frost is an unconventional policeman with sympathy for the underdog and an instinct for moral justice. Sloppy, disorganized, and disrespectful, he attracts trouble like a magnet.",English,United Kingdom,Won 2 BAFTA 12 wins & 14 nominations total,https://m.media-amazon.com/images/M/MV5BZGFkZDg3YjQtMjBjZi00YjFkLThjNmMtYTQ1MTdhNWJmNDQxXkEyXkFqcGc@._V1_SX300.jpg,"[{'Source': 'Internet Movie Database', 'Value': '7.9/10'}]",N/A,7.9,"9,196",tt0108967,series,15,True,,,
Striptease,1996,R,28 Jun 1996,115 min,"Comedy, Crime, Drama",Andrew Bergman,"Carl Hiaasen, Andrew Bergman","Demi Moore, Burt Reynolds, Armand Assante",A stripper and single mother gets dragged into a dangerous situation after a congressman takes a fancy to her.,English,United States,8 wins & 4 nominations,https://m.media-amazon.com/images/M/MV5BZjA4N2FjZDktYzFkMi00YzMzLWIyNTctNzY5OTA3ZTQ0OTVlXkEyXkFqcGc@._V1_SX300.jpg,"[{'Source': 'Internet Movie Database', 'Value': '4.6/10'}, {'Source': 'Rotten Tomatoes', 'Value': '13%'}, {'Source': 'Metacritic', 'Value': '37/100'}]",37,4.6,"48,902",tt0117765,movie,N/A,"$33,109,743",N/A,N/A,True
Marmaduke,2010,PG,04 Jun 2010,87 min,"Comedy, Family",Tom Dey,"Tim Rasmussen, Vince Di Meglio, Brad Anderson","Owen Wilson, Judy Greer, Lee Pace","A suburban family moves to a new neighborhood with their large, yet lovable Great Dane, who has a tendency to wreak havoc in his own oblivious way.",English,United States,3 nominations total,https://m.media-amazon.com/images/M/MV5BMjQxMWZlZDctZDUwYi00ODFkLWIwMTItNmE1NDFmNDk3NjdkXkEyXkFqcGc@._V1_SX300.jpg,"[{'Source': 'Internet Movie Database', 'Value': '4.3/10'}, {'Source': 'Rotten Tomatoes', 'Value': '9%'}, {'Source': 'Metacritic', 'Value': '30/100'}]",30,4.3,"18,167",tt1392197,movie,N/A,"$33,644,788",N/A,N/A,True
Hereafter,2010,PG-13,22 Oct 2010,129 min,"Drama, Fantasy, Romance",Clint Eastwood,Peter Morgan,"Matt Damon, Cécile de France, Bryce Dallas Howard","An American factory worker, a French journalist and a London school boy set out on a spiritual journey after death touches their lives in different ways.","English, French, German",United States,Nominated for 1 Oscar. 4 wins & 15 nominations total,https://m.media-amazon.com/images/M/MV5BMjE2MzU3Nzk4M15BMl5BanBnXkFtZTcwODcxNTI5Mw@@._V1_SX300.jpg,"[{'Source': 'Internet Movie Database', 'Value': '6.5/10'}, {'Source': 'Rotten Tomatoes', 'Value': '48%'}, {'Source': 'Metacritic', 'Value': '56/100'}]",56,6.5,"97,118",tt1212419,movie,N/A,"$32,746,941",N/A,N/A,True
Murder by Numbers,2002,R,19 Apr 2002,115 min,"Crime, Mystery, Thriller",Barbet Schroeder,Tony Gayton,"Sandra Bullock, Ben Chaplin, Ryan Gosling",Two gifted high school students execute a perfect murder - then become engaged in an intellectual contest with a seasoned homicide detective.,English,United States,2 nominations total,https://m.media-amazon.com/images/M/MV5BZjc4MjlkNWUtY2VjZC00N2IzLWIzZDMtZTQ3YjkyMzRmZGJmXkEyXkFqcGc@._V1_SX300.jpg,"[{'Source': 'Internet Movie Database', 'Value': '6.2/10'}, {'Source': 'Metacritic', 'Value': '50/100'}]",50,6.2,"64,491",tt0264935,movie,N/A,"$31,945,749",N/A,N/A,True
